{"name":"demo-admin","classpathEntries":[{"kind":"binary","path":"D:\\Java\\jdk1.8.0_121\\jre\\lib\\resources.jar","javadocContainerUrl":"https://docs.oracle.com/javase/1/docs/api/","isSystem":true,"isOwn":false,"isTest":false,"isJavaContent":false},{"kind":"binary","path":"D:\\Java\\jdk1.8.0_121\\jre\\lib\\rt.jar","javadocContainerUrl":"https://docs.oracle.com/javase/1/docs/api/","isSystem":true,"isOwn":false,"isTest":false,"isJavaContent":false},{"kind":"binary","path":"D:\\Java\\jdk1.8.0_121\\jre\\lib\\jsse.jar","javadocContainerUrl":"https://docs.oracle.com/javase/1/docs/api/","isSystem":true,"isOwn":false,"isTest":false,"isJavaContent":false},{"kind":"binary","path":"D:\\Java\\jdk1.8.0_121\\jre\\lib\\jce.jar","javadocContainerUrl":"https://docs.oracle.com/javase/1/docs/api/","isSystem":true,"isOwn":false,"isTest":false,"isJavaContent":false},{"kind":"binary","path":"D:\\Java\\jdk1.8.0_121\\jre\\lib\\charsets.jar","javadocContainerUrl":"https://docs.oracle.com/javase/1/docs/api/","isSystem":true,"isOwn":false,"isTest":false,"isJavaContent":false},{"kind":"binary","path":"D:\\Java\\jdk1.8.0_121\\jre\\lib\\jfr.jar","javadocContainerUrl":"https://docs.oracle.com/javase/1/docs/api/","isSystem":true,"isOwn":false,"isTest":false,"isJavaContent":false},{"kind":"binary","path":"C:\\Users\\ASUS\\.m2\\repository\\org\\springframework\\boot\\spring-boot-starter-web\\2.1.13.RELEASE\\spring-boot-starter-web-2.1.13.RELEASE.jar","sourceContainerUrl":"file:/C:/Users/ASUS/.m2/repository/org/springframework/boot/spring-boot-starter-web/2.1.13.RELEASE/spring-boot-starter-web-2.1.13.RELEASE-sources.jar","isSystem":false,"isOwn":false,"isTest":false,"isJavaContent":false},{"kind":"binary","path":"C:\\Users\\ASUS\\.m2\\repository\\org\\springframework\\boot\\spring-boot-starter\\2.1.13.RELEASE\\spring-boot-starter-2.1.13.RELEASE.jar","sourceContainerUrl":"file:/C:/Users/ASUS/.m2/repository/org/springframework/boot/spring-boot-starter/2.1.13.RELEASE/spring-boot-starter-2.1.13.RELEASE-sources.jar","isSystem":false,"isOwn":false,"isTest":false,"isJavaContent":false},{"kind":"binary","path":"C:\\Users\\ASUS\\.m2\\repository\\org\\springframework\\boot\\spring-boot\\2.1.13.RELEASE\\spring-boot-2.1.13.RELEASE.jar","sourceContainerUrl":"file:/C:/Users/ASUS/.m2/repository/org/springframework/boot/spring-boot/2.1.13.RELEASE/spring-boot-2.1.13.RELEASE-sources.jar","javadocContainerUrl":"file:/C:/Users/ASUS/.m2/repository/org/springframework/boot/spring-boot/2.1.13.RELEASE/spring-boot-2.1.13.RELEASE-javadoc.jar","isSystem":false,"isOwn":false,"isTest":false,"isJavaContent":false},{"kind":"binary","path":"C:\\Users\\ASUS\\.m2\\repository\\org\\springframework\\boot\\spring-boot-starter-logging\\2.1.13.RELEASE\\spring-boot-starter-logging-2.1.13.RELEASE.jar","sourceContainerUrl":"file:/C:/Users/ASUS/.m2/repository/org/springframework/boot/spring-boot-starter-logging/2.1.13.RELEASE/spring-boot-starter-logging-2.1.13.RELEASE-sources.jar","isSystem":false,"isOwn":false,"isTest":false,"isJavaContent":false},{"kind":"binary","path":"C:\\Users\\ASUS\\.m2\\repository\\ch\\qos\\logback\\logback-classic\\1.2.3\\logback-classic-1.2.3.jar","sourceContainerUrl":"file:/C:/Users/ASUS/.m2/repository/ch/qos/logback/logback-classic/1.2.3/logback-classic-1.2.3-sources.jar","javadocContainerUrl":"file:/C:/Users/ASUS/.m2/repository/ch/qos/logback/logback-classic/1.2.3/logback-classic-1.2.3-javadoc.jar","isSystem":false,"isOwn":false,"isTest":false,"isJavaContent":false},{"kind":"binary","path":"C:\\Users\\ASUS\\.m2\\repository\\ch\\qos\\logback\\logback-core\\1.2.3\\logback-core-1.2.3.jar","sourceContainerUrl":"file:/C:/Users/ASUS/.m2/repository/ch/qos/logback/logback-core/1.2.3/logback-core-1.2.3-sources.jar","javadocContainerUrl":"file:/C:/Users/ASUS/.m2/repository/ch/qos/logback/logback-core/1.2.3/logback-core-1.2.3-javadoc.jar","isSystem":false,"isOwn":false,"isTest":false,"isJavaContent":false},{"kind":"binary","path":"C:\\Users\\ASUS\\.m2\\repository\\org\\apache\\logging\\log4j\\log4j-to-slf4j\\2.11.2\\log4j-to-slf4j-2.11.2.jar","sourceContainerUrl":"file:/C:/Users/ASUS/.m2/repository/org/apache/logging/log4j/log4j-to-slf4j/2.11.2/log4j-to-slf4j-2.11.2-sources.jar","javadocContainerUrl":"file:/C:/Users/ASUS/.m2/repository/org/apache/logging/log4j/log4j-to-slf4j/2.11.2/log4j-to-slf4j-2.11.2-javadoc.jar","isSystem":false,"isOwn":false,"isTest":false,"isJavaContent":false},{"kind":"binary","path":"C:\\Users\\ASUS\\.m2\\repository\\org\\apache\\logging\\log4j\\log4j-api\\2.11.2\\log4j-api-2.11.2.jar","sourceContainerUrl":"file:/C:/Users/ASUS/.m2/repository/org/apache/logging/log4j/log4j-api/2.11.2/log4j-api-2.11.2-sources.jar","javadocContainerUrl":"file:/C:/Users/ASUS/.m2/repository/org/apache/logging/log4j/log4j-api/2.11.2/log4j-api-2.11.2-javadoc.jar","isSystem":false,"isOwn":false,"isTest":false,"isJavaContent":false},{"kind":"binary","path":"C:\\Users\\ASUS\\.m2\\repository\\org\\slf4j\\jul-to-slf4j\\1.7.30\\jul-to-slf4j-1.7.30.jar","sourceContainerUrl":"file:/C:/Users/ASUS/.m2/repository/org/slf4j/jul-to-slf4j/1.7.30/jul-to-slf4j-1.7.30-sources.jar","javadocContainerUrl":"file:/C:/Users/ASUS/.m2/repository/org/slf4j/jul-to-slf4j/1.7.30/jul-to-slf4j-1.7.30-javadoc.jar","isSystem":false,"isOwn":false,"isTest":false,"isJavaContent":false},{"kind":"binary","path":"C:\\Users\\ASUS\\.m2\\repository\\javax\\annotation\\javax.annotation-api\\1.3.2\\javax.annotation-api-1.3.2.jar","sourceContainerUrl":"file:/C:/Users/ASUS/.m2/repository/javax/annotation/javax.annotation-api/1.3.2/javax.annotation-api-1.3.2-sources.jar","javadocContainerUrl":"file:/C:/Users/ASUS/.m2/repository/javax/annotation/javax.annotation-api/1.3.2/javax.annotation-api-1.3.2-javadoc.jar","isSystem":false,"isOwn":false,"isTest":false,"isJavaContent":false},{"kind":"binary","path":"C:\\Users\\ASUS\\.m2\\repository\\org\\yaml\\snakeyaml\\1.23\\snakeyaml-1.23.jar","sourceContainerUrl":"file:/C:/Users/ASUS/.m2/repository/org/yaml/snakeyaml/1.23/snakeyaml-1.23-sources.jar","javadocContainerUrl":"file:/C:/Users/ASUS/.m2/repository/org/yaml/snakeyaml/1.23/snakeyaml-1.23-javadoc.jar","isSystem":false,"isOwn":false,"isTest":false,"isJavaContent":false},{"kind":"binary","path":"C:\\Users\\ASUS\\.m2\\repository\\org\\springframework\\boot\\spring-boot-starter-json\\2.1.13.RELEASE\\spring-boot-starter-json-2.1.13.RELEASE.jar","sourceContainerUrl":"file:/C:/Users/ASUS/.m2/repository/org/springframework/boot/spring-boot-starter-json/2.1.13.RELEASE/spring-boot-starter-json-2.1.13.RELEASE-sources.jar","isSystem":false,"isOwn":false,"isTest":false,"isJavaContent":false},{"kind":"binary","path":"C:\\Users\\ASUS\\.m2\\repository\\com\\fasterxml\\jackson\\core\\jackson-databind\\2.9.10.3\\jackson-databind-2.9.10.3.jar","sourceContainerUrl":"file:/C:/Users/ASUS/.m2/repository/com/fasterxml/jackson/core/jackson-databind/2.9.10.3/jackson-databind-2.9.10.3-sources.jar","javadocContainerUrl":"file:/C:/Users/ASUS/.m2/repository/com/fasterxml/jackson/core/jackson-databind/2.9.10.3/jackson-databind-2.9.10.3-javadoc.jar","isSystem":false,"isOwn":false,"isTest":false,"isJavaContent":false},{"kind":"binary","path":"C:\\Users\\ASUS\\.m2\\repository\\com\\fasterxml\\jackson\\core\\jackson-core\\2.9.10\\jackson-core-2.9.10.jar","sourceContainerUrl":"file:/C:/Users/ASUS/.m2/repository/com/fasterxml/jackson/core/jackson-core/2.9.10/jackson-core-2.9.10-sources.jar","javadocContainerUrl":"file:/C:/Users/ASUS/.m2/repository/com/fasterxml/jackson/core/jackson-core/2.9.10/jackson-core-2.9.10-javadoc.jar","isSystem":false,"isOwn":false,"isTest":false,"isJavaContent":false},{"kind":"binary","path":"C:\\Users\\ASUS\\.m2\\repository\\com\\fasterxml\\jackson\\datatype\\jackson-datatype-jdk8\\2.9.10\\jackson-datatype-jdk8-2.9.10.jar","sourceContainerUrl":"file:/C:/Users/ASUS/.m2/repository/com/fasterxml/jackson/datatype/jackson-datatype-jdk8/2.9.10/jackson-datatype-jdk8-2.9.10-sources.jar","javadocContainerUrl":"file:/C:/Users/ASUS/.m2/repository/com/fasterxml/jackson/datatype/jackson-datatype-jdk8/2.9.10/jackson-datatype-jdk8-2.9.10-javadoc.jar","isSystem":false,"isOwn":false,"isTest":false,"isJavaContent":false},{"kind":"binary","path":"C:\\Users\\ASUS\\.m2\\repository\\com\\fasterxml\\jackson\\datatype\\jackson-datatype-jsr310\\2.9.10\\jackson-datatype-jsr310-2.9.10.jar","sourceContainerUrl":"file:/C:/Users/ASUS/.m2/repository/com/fasterxml/jackson/datatype/jackson-datatype-jsr310/2.9.10/jackson-datatype-jsr310-2.9.10-sources.jar","javadocContainerUrl":"file:/C:/Users/ASUS/.m2/repository/com/fasterxml/jackson/datatype/jackson-datatype-jsr310/2.9.10/jackson-datatype-jsr310-2.9.10-javadoc.jar","isSystem":false,"isOwn":false,"isTest":false,"isJavaContent":false},{"kind":"binary","path":"C:\\Users\\ASUS\\.m2\\repository\\com\\fasterxml\\jackson\\module\\jackson-module-parameter-names\\2.9.10\\jackson-module-parameter-names-2.9.10.jar","sourceContainerUrl":"file:/C:/Users/ASUS/.m2/repository/com/fasterxml/jackson/module/jackson-module-parameter-names/2.9.10/jackson-module-parameter-names-2.9.10-sources.jar","javadocContainerUrl":"file:/C:/Users/ASUS/.m2/repository/com/fasterxml/jackson/module/jackson-module-parameter-names/2.9.10/jackson-module-parameter-names-2.9.10-javadoc.jar","isSystem":false,"isOwn":false,"isTest":false,"isJavaContent":false},{"kind":"binary","path":"C:\\Users\\ASUS\\.m2\\repository\\org\\springframework\\boot\\spring-boot-starter-tomcat\\2.1.13.RELEASE\\spring-boot-starter-tomcat-2.1.13.RELEASE.jar","sourceContainerUrl":"file:/C:/Users/ASUS/.m2/repository/org/springframework/boot/spring-boot-starter-tomcat/2.1.13.RELEASE/spring-boot-starter-tomcat-2.1.13.RELEASE-sources.jar","isSystem":false,"isOwn":false,"isTest":false,"isJavaContent":false},{"kind":"binary","path":"C:\\Users\\ASUS\\.m2\\repository\\org\\apache\\tomcat\\embed\\tomcat-embed-core\\9.0.31\\tomcat-embed-core-9.0.31.jar","sourceContainerUrl":"file:/C:/Users/ASUS/.m2/repository/org/apache/tomcat/embed/tomcat-embed-core/9.0.31/tomcat-embed-core-9.0.31-sources.jar","isSystem":false,"isOwn":false,"isTest":false,"isJavaContent":false},{"kind":"binary","path":"C:\\Users\\ASUS\\.m2\\repository\\org\\apache\\tomcat\\embed\\tomcat-embed-el\\9.0.31\\tomcat-embed-el-9.0.31.jar","sourceContainerUrl":"file:/C:/Users/ASUS/.m2/repository/org/apache/tomcat/embed/tomcat-embed-el/9.0.31/tomcat-embed-el-9.0.31-sources.jar","isSystem":false,"isOwn":false,"isTest":false,"isJavaContent":false},{"kind":"binary","path":"C:\\Users\\ASUS\\.m2\\repository\\org\\apache\\tomcat\\embed\\tomcat-embed-websocket\\9.0.31\\tomcat-embed-websocket-9.0.31.jar","sourceContainerUrl":"file:/C:/Users/ASUS/.m2/repository/org/apache/tomcat/embed/tomcat-embed-websocket/9.0.31/tomcat-embed-websocket-9.0.31-sources.jar","isSystem":false,"isOwn":false,"isTest":false,"isJavaContent":false},{"kind":"binary","path":"C:\\Users\\ASUS\\.m2\\repository\\org\\hibernate\\validator\\hibernate-validator\\6.0.18.Final\\hibernate-validator-6.0.18.Final.jar","sourceContainerUrl":"file:/C:/Users/ASUS/.m2/repository/org/hibernate/validator/hibernate-validator/6.0.18.Final/hibernate-validator-6.0.18.Final-sources.jar","isSystem":false,"isOwn":false,"isTest":false,"isJavaContent":false},{"kind":"binary","path":"C:\\Users\\ASUS\\.m2\\repository\\javax\\validation\\validation-api\\2.0.1.Final\\validation-api-2.0.1.Final.jar","sourceContainerUrl":"file:/C:/Users/ASUS/.m2/repository/javax/validation/validation-api/2.0.1.Final/validation-api-2.0.1.Final-sources.jar","javadocContainerUrl":"file:/C:/Users/ASUS/.m2/repository/javax/validation/validation-api/2.0.1.Final/validation-api-2.0.1.Final-javadoc.jar","isSystem":false,"isOwn":false,"isTest":false,"isJavaContent":false},{"kind":"binary","path":"C:\\Users\\ASUS\\.m2\\repository\\org\\jboss\\logging\\jboss-logging\\3.3.3.Final\\jboss-logging-3.3.3.Final.jar","sourceContainerUrl":"file:/C:/Users/ASUS/.m2/repository/org/jboss/logging/jboss-logging/3.3.3.Final/jboss-logging-3.3.3.Final-sources.jar","javadocContainerUrl":"file:/C:/Users/ASUS/.m2/repository/org/jboss/logging/jboss-logging/3.3.3.Final/jboss-logging-3.3.3.Final-javadoc.jar","isSystem":false,"isOwn":false,"isTest":false,"isJavaContent":false},{"kind":"binary","path":"C:\\Users\\ASUS\\.m2\\repository\\org\\springframework\\spring-web\\5.1.14.RELEASE\\spring-web-5.1.14.RELEASE.jar","sourceContainerUrl":"file:/C:/Users/ASUS/.m2/repository/org/springframework/spring-web/5.1.14.RELEASE/spring-web-5.1.14.RELEASE-sources.jar","javadocContainerUrl":"file:/C:/Users/ASUS/.m2/repository/org/springframework/spring-web/5.1.14.RELEASE/spring-web-5.1.14.RELEASE-javadoc.jar","isSystem":false,"isOwn":false,"isTest":false,"isJavaContent":false},{"kind":"binary","path":"C:\\Users\\ASUS\\.m2\\repository\\org\\springframework\\spring-beans\\5.1.14.RELEASE\\spring-beans-5.1.14.RELEASE.jar","sourceContainerUrl":"file:/C:/Users/ASUS/.m2/repository/org/springframework/spring-beans/5.1.14.RELEASE/spring-beans-5.1.14.RELEASE-sources.jar","javadocContainerUrl":"file:/C:/Users/ASUS/.m2/repository/org/springframework/spring-beans/5.1.14.RELEASE/spring-beans-5.1.14.RELEASE-javadoc.jar","isSystem":false,"isOwn":false,"isTest":false,"isJavaContent":false},{"kind":"binary","path":"C:\\Users\\ASUS\\.m2\\repository\\org\\springframework\\spring-webmvc\\5.1.14.RELEASE\\spring-webmvc-5.1.14.RELEASE.jar","sourceContainerUrl":"file:/C:/Users/ASUS/.m2/repository/org/springframework/spring-webmvc/5.1.14.RELEASE/spring-webmvc-5.1.14.RELEASE-sources.jar","javadocContainerUrl":"file:/C:/Users/ASUS/.m2/repository/org/springframework/spring-webmvc/5.1.14.RELEASE/spring-webmvc-5.1.14.RELEASE-javadoc.jar","isSystem":false,"isOwn":false,"isTest":false,"isJavaContent":false},{"kind":"binary","path":"C:\\Users\\ASUS\\.m2\\repository\\org\\springframework\\spring-aop\\5.1.14.RELEASE\\spring-aop-5.1.14.RELEASE.jar","sourceContainerUrl":"file:/C:/Users/ASUS/.m2/repository/org/springframework/spring-aop/5.1.14.RELEASE/spring-aop-5.1.14.RELEASE-sources.jar","javadocContainerUrl":"file:/C:/Users/ASUS/.m2/repository/org/springframework/spring-aop/5.1.14.RELEASE/spring-aop-5.1.14.RELEASE-javadoc.jar","isSystem":false,"isOwn":false,"isTest":false,"isJavaContent":false},{"kind":"binary","path":"C:\\Users\\ASUS\\.m2\\repository\\org\\springframework\\spring-context\\5.1.14.RELEASE\\spring-context-5.1.14.RELEASE.jar","sourceContainerUrl":"file:/C:/Users/ASUS/.m2/repository/org/springframework/spring-context/5.1.14.RELEASE/spring-context-5.1.14.RELEASE-sources.jar","javadocContainerUrl":"file:/C:/Users/ASUS/.m2/repository/org/springframework/spring-context/5.1.14.RELEASE/spring-context-5.1.14.RELEASE-javadoc.jar","isSystem":false,"isOwn":false,"isTest":false,"isJavaContent":false},{"kind":"binary","path":"C:\\Users\\ASUS\\.m2\\repository\\org\\springframework\\spring-expression\\5.1.14.RELEASE\\spring-expression-5.1.14.RELEASE.jar","sourceContainerUrl":"file:/C:/Users/ASUS/.m2/repository/org/springframework/spring-expression/5.1.14.RELEASE/spring-expression-5.1.14.RELEASE-sources.jar","javadocContainerUrl":"file:/C:/Users/ASUS/.m2/repository/org/springframework/spring-expression/5.1.14.RELEASE/spring-expression-5.1.14.RELEASE-javadoc.jar","isSystem":false,"isOwn":false,"isTest":false,"isJavaContent":false},{"kind":"binary","path":"C:\\Users\\ASUS\\.m2\\repository\\org\\springframework\\boot\\spring-boot-starter-test\\2.1.13.RELEASE\\spring-boot-starter-test-2.1.13.RELEASE.jar","sourceContainerUrl":"file:/C:/Users/ASUS/.m2/repository/org/springframework/boot/spring-boot-starter-test/2.1.13.RELEASE/spring-boot-starter-test-2.1.13.RELEASE-sources.jar","isSystem":false,"isOwn":false,"isTest":false,"isJavaContent":false},{"kind":"binary","path":"C:\\Users\\ASUS\\.m2\\repository\\org\\springframework\\boot\\spring-boot-test\\2.1.13.RELEASE\\spring-boot-test-2.1.13.RELEASE.jar","sourceContainerUrl":"file:/C:/Users/ASUS/.m2/repository/org/springframework/boot/spring-boot-test/2.1.13.RELEASE/spring-boot-test-2.1.13.RELEASE-sources.jar","javadocContainerUrl":"file:/C:/Users/ASUS/.m2/repository/org/springframework/boot/spring-boot-test/2.1.13.RELEASE/spring-boot-test-2.1.13.RELEASE-javadoc.jar","isSystem":false,"isOwn":false,"isTest":false,"isJavaContent":false},{"kind":"binary","path":"C:\\Users\\ASUS\\.m2\\repository\\org\\springframework\\boot\\spring-boot-test-autoconfigure\\2.1.13.RELEASE\\spring-boot-test-autoconfigure-2.1.13.RELEASE.jar","sourceContainerUrl":"file:/C:/Users/ASUS/.m2/repository/org/springframework/boot/spring-boot-test-autoconfigure/2.1.13.RELEASE/spring-boot-test-autoconfigure-2.1.13.RELEASE-sources.jar","javadocContainerUrl":"file:/C:/Users/ASUS/.m2/repository/org/springframework/boot/spring-boot-test-autoconfigure/2.1.13.RELEASE/spring-boot-test-autoconfigure-2.1.13.RELEASE-javadoc.jar","isSystem":false,"isOwn":false,"isTest":false,"isJavaContent":false},{"kind":"binary","path":"C:\\Users\\ASUS\\.m2\\repository\\com\\jayway\\jsonpath\\json-path\\2.4.0\\json-path-2.4.0.jar","sourceContainerUrl":"file:/C:/Users/ASUS/.m2/repository/com/jayway/jsonpath/json-path/2.4.0/json-path-2.4.0-sources.jar","javadocContainerUrl":"file:/C:/Users/ASUS/.m2/repository/com/jayway/jsonpath/json-path/2.4.0/json-path-2.4.0-javadoc.jar","isSystem":false,"isOwn":false,"isTest":false,"isJavaContent":false},{"kind":"binary","path":"C:\\Users\\ASUS\\.m2\\repository\\net\\minidev\\json-smart\\2.3\\json-smart-2.3.jar","sourceContainerUrl":"file:/C:/Users/ASUS/.m2/repository/net/minidev/json-smart/2.3/json-smart-2.3-sources.jar","javadocContainerUrl":"file:/C:/Users/ASUS/.m2/repository/net/minidev/json-smart/2.3/json-smart-2.3-javadoc.jar","isSystem":false,"isOwn":false,"isTest":false,"isJavaContent":false},{"kind":"binary","path":"C:\\Users\\ASUS\\.m2\\repository\\net\\minidev\\accessors-smart\\1.2\\accessors-smart-1.2.jar","sourceContainerUrl":"file:/C:/Users/ASUS/.m2/repository/net/minidev/accessors-smart/1.2/accessors-smart-1.2-sources.jar","javadocContainerUrl":"file:/C:/Users/ASUS/.m2/repository/net/minidev/accessors-smart/1.2/accessors-smart-1.2-javadoc.jar","isSystem":false,"isOwn":false,"isTest":false,"isJavaContent":false},{"kind":"binary","path":"C:\\Users\\ASUS\\.m2\\repository\\org\\ow2\\asm\\asm\\5.0.4\\asm-5.0.4.jar","sourceContainerUrl":"file:/C:/Users/ASUS/.m2/repository/org/ow2/asm/asm/5.0.4/asm-5.0.4-sources.jar","javadocContainerUrl":"file:/C:/Users/ASUS/.m2/repository/org/ow2/asm/asm/5.0.4/asm-5.0.4-javadoc.jar","isSystem":false,"isOwn":false,"isTest":false,"isJavaContent":false},{"kind":"binary","path":"C:\\Users\\ASUS\\.m2\\repository\\junit\\junit\\4.12\\junit-4.12.jar","sourceContainerUrl":"file:/C:/Users/ASUS/.m2/repository/junit/junit/4.12/junit-4.12-sources.jar","javadocContainerUrl":"file:/C:/Users/ASUS/.m2/repository/junit/junit/4.12/junit-4.12-javadoc.jar","isSystem":false,"isOwn":false,"isTest":false,"isJavaContent":false},{"kind":"binary","path":"C:\\Users\\ASUS\\.m2\\repository\\org\\assertj\\assertj-core\\3.11.1\\assertj-core-3.11.1.jar","sourceContainerUrl":"file:/C:/Users/ASUS/.m2/repository/org/assertj/assertj-core/3.11.1/assertj-core-3.11.1-sources.jar","javadocContainerUrl":"file:/C:/Users/ASUS/.m2/repository/org/assertj/assertj-core/3.11.1/assertj-core-3.11.1-javadoc.jar","isSystem":false,"isOwn":false,"isTest":false,"isJavaContent":false},{"kind":"binary","path":"C:\\Users\\ASUS\\.m2\\repository\\org\\mockito\\mockito-core\\2.23.4\\mockito-core-2.23.4.jar","sourceContainerUrl":"file:/C:/Users/ASUS/.m2/repository/org/mockito/mockito-core/2.23.4/mockito-core-2.23.4-sources.jar","isSystem":false,"isOwn":false,"isTest":false,"isJavaContent":false},{"kind":"binary","path":"C:\\Users\\ASUS\\.m2\\repository\\net\\bytebuddy\\byte-buddy\\1.9.16\\byte-buddy-1.9.16.jar","sourceContainerUrl":"file:/C:/Users/ASUS/.m2/repository/net/bytebuddy/byte-buddy/1.9.16/byte-buddy-1.9.16-sources.jar","javadocContainerUrl":"file:/C:/Users/ASUS/.m2/repository/net/bytebuddy/byte-buddy/1.9.16/byte-buddy-1.9.16-javadoc.jar","isSystem":false,"isOwn":false,"isTest":false,"isJavaContent":false},{"kind":"binary","path":"C:\\Users\\ASUS\\.m2\\repository\\net\\bytebuddy\\byte-buddy-agent\\1.9.16\\byte-buddy-agent-1.9.16.jar","sourceContainerUrl":"file:/C:/Users/ASUS/.m2/repository/net/bytebuddy/byte-buddy-agent/1.9.16/byte-buddy-agent-1.9.16-sources.jar","javadocContainerUrl":"file:/C:/Users/ASUS/.m2/repository/net/bytebuddy/byte-buddy-agent/1.9.16/byte-buddy-agent-1.9.16-javadoc.jar","isSystem":false,"isOwn":false,"isTest":false,"isJavaContent":false},{"kind":"binary","path":"C:\\Users\\ASUS\\.m2\\repository\\org\\objenesis\\objenesis\\2.6\\objenesis-2.6.jar","sourceContainerUrl":"file:/C:/Users/ASUS/.m2/repository/org/objenesis/objenesis/2.6/objenesis-2.6-sources.jar","javadocContainerUrl":"file:/C:/Users/ASUS/.m2/repository/org/objenesis/objenesis/2.6/objenesis-2.6-javadoc.jar","isSystem":false,"isOwn":false,"isTest":false,"isJavaContent":false},{"kind":"binary","path":"C:\\Users\\ASUS\\.m2\\repository\\org\\hamcrest\\hamcrest-core\\1.3\\hamcrest-core-1.3.jar","sourceContainerUrl":"file:/C:/Users/ASUS/.m2/repository/org/hamcrest/hamcrest-core/1.3/hamcrest-core-1.3-sources.jar","javadocContainerUrl":"file:/C:/Users/ASUS/.m2/repository/org/hamcrest/hamcrest-core/1.3/hamcrest-core-1.3-javadoc.jar","isSystem":false,"isOwn":false,"isTest":false,"isJavaContent":false},{"kind":"binary","path":"C:\\Users\\ASUS\\.m2\\repository\\org\\hamcrest\\hamcrest-library\\1.3\\hamcrest-library-1.3.jar","sourceContainerUrl":"file:/C:/Users/ASUS/.m2/repository/org/hamcrest/hamcrest-library/1.3/hamcrest-library-1.3-sources.jar","javadocContainerUrl":"file:/C:/Users/ASUS/.m2/repository/org/hamcrest/hamcrest-library/1.3/hamcrest-library-1.3-javadoc.jar","isSystem":false,"isOwn":false,"isTest":false,"isJavaContent":false},{"kind":"binary","path":"C:\\Users\\ASUS\\.m2\\repository\\org\\skyscreamer\\jsonassert\\1.5.0\\jsonassert-1.5.0.jar","sourceContainerUrl":"file:/C:/Users/ASUS/.m2/repository/org/skyscreamer/jsonassert/1.5.0/jsonassert-1.5.0-sources.jar","javadocContainerUrl":"file:/C:/Users/ASUS/.m2/repository/org/skyscreamer/jsonassert/1.5.0/jsonassert-1.5.0-javadoc.jar","isSystem":false,"isOwn":false,"isTest":false,"isJavaContent":false},{"kind":"binary","path":"C:\\Users\\ASUS\\.m2\\repository\\com\\vaadin\\external\\google\\android-json\\0.0.20131108.vaadin1\\android-json-0.0.20131108.vaadin1.jar","sourceContainerUrl":"file:/C:/Users/ASUS/.m2/repository/com/vaadin/external/google/android-json/0.0.20131108.vaadin1/android-json-0.0.20131108.vaadin1-sources.jar","javadocContainerUrl":"file:/C:/Users/ASUS/.m2/repository/com/vaadin/external/google/android-json/0.0.20131108.vaadin1/android-json-0.0.20131108.vaadin1-javadoc.jar","isSystem":false,"isOwn":false,"isTest":false,"isJavaContent":false},{"kind":"binary","path":"C:\\Users\\ASUS\\.m2\\repository\\org\\springframework\\spring-core\\5.1.14.RELEASE\\spring-core-5.1.14.RELEASE.jar","sourceContainerUrl":"file:/C:/Users/ASUS/.m2/repository/org/springframework/spring-core/5.1.14.RELEASE/spring-core-5.1.14.RELEASE-sources.jar","javadocContainerUrl":"file:/C:/Users/ASUS/.m2/repository/org/springframework/spring-core/5.1.14.RELEASE/spring-core-5.1.14.RELEASE-javadoc.jar","isSystem":false,"isOwn":false,"isTest":false,"isJavaContent":false},{"kind":"binary","path":"C:\\Users\\ASUS\\.m2\\repository\\org\\springframework\\spring-jcl\\5.1.14.RELEASE\\spring-jcl-5.1.14.RELEASE.jar","sourceContainerUrl":"file:/C:/Users/ASUS/.m2/repository/org/springframework/spring-jcl/5.1.14.RELEASE/spring-jcl-5.1.14.RELEASE-sources.jar","javadocContainerUrl":"file:/C:/Users/ASUS/.m2/repository/org/springframework/spring-jcl/5.1.14.RELEASE/spring-jcl-5.1.14.RELEASE-javadoc.jar","isSystem":false,"isOwn":false,"isTest":false,"isJavaContent":false},{"kind":"binary","path":"C:\\Users\\ASUS\\.m2\\repository\\org\\springframework\\spring-test\\5.1.14.RELEASE\\spring-test-5.1.14.RELEASE.jar","sourceContainerUrl":"file:/C:/Users/ASUS/.m2/repository/org/springframework/spring-test/5.1.14.RELEASE/spring-test-5.1.14.RELEASE-sources.jar","javadocContainerUrl":"file:/C:/Users/ASUS/.m2/repository/org/springframework/spring-test/5.1.14.RELEASE/spring-test-5.1.14.RELEASE-javadoc.jar","isSystem":false,"isOwn":false,"isTest":false,"isJavaContent":false},{"kind":"binary","path":"C:\\Users\\ASUS\\.m2\\repository\\org\\xmlunit\\xmlunit-core\\2.6.3\\xmlunit-core-2.6.3.jar","sourceContainerUrl":"file:/C:/Users/ASUS/.m2/repository/org/xmlunit/xmlunit-core/2.6.3/xmlunit-core-2.6.3-sources.jar","javadocContainerUrl":"file:/C:/Users/ASUS/.m2/repository/org/xmlunit/xmlunit-core/2.6.3/xmlunit-core-2.6.3-javadoc.jar","isSystem":false,"isOwn":false,"isTest":false,"isJavaContent":false},{"kind":"binary","path":"C:\\Users\\ASUS\\.m2\\repository\\io\\springfox\\springfox-swagger2\\2.9.2\\springfox-swagger2-2.9.2.jar","sourceContainerUrl":"file:/C:/Users/ASUS/.m2/repository/io/springfox/springfox-swagger2/2.9.2/springfox-swagger2-2.9.2-sources.jar","javadocContainerUrl":"file:/C:/Users/ASUS/.m2/repository/io/springfox/springfox-swagger2/2.9.2/springfox-swagger2-2.9.2-javadoc.jar","isSystem":false,"isOwn":false,"isTest":false,"isJavaContent":false},{"kind":"binary","path":"C:\\Users\\ASUS\\.m2\\repository\\io\\swagger\\swagger-annotations\\1.5.20\\swagger-annotations-1.5.20.jar","sourceContainerUrl":"file:/C:/Users/ASUS/.m2/repository/io/swagger/swagger-annotations/1.5.20/swagger-annotations-1.5.20-sources.jar","javadocContainerUrl":"file:/C:/Users/ASUS/.m2/repository/io/swagger/swagger-annotations/1.5.20/swagger-annotations-1.5.20-javadoc.jar","isSystem":false,"isOwn":false,"isTest":false,"isJavaContent":false},{"kind":"binary","path":"C:\\Users\\ASUS\\.m2\\repository\\io\\swagger\\swagger-models\\1.5.20\\swagger-models-1.5.20.jar","sourceContainerUrl":"file:/C:/Users/ASUS/.m2/repository/io/swagger/swagger-models/1.5.20/swagger-models-1.5.20-sources.jar","javadocContainerUrl":"file:/C:/Users/ASUS/.m2/repository/io/swagger/swagger-models/1.5.20/swagger-models-1.5.20-javadoc.jar","isSystem":false,"isOwn":false,"isTest":false,"isJavaContent":false},{"kind":"binary","path":"C:\\Users\\ASUS\\.m2\\repository\\com\\fasterxml\\jackson\\core\\jackson-annotations\\2.9.10\\jackson-annotations-2.9.10.jar","sourceContainerUrl":"file:/C:/Users/ASUS/.m2/repository/com/fasterxml/jackson/core/jackson-annotations/2.9.10/jackson-annotations-2.9.10-sources.jar","javadocContainerUrl":"file:/C:/Users/ASUS/.m2/repository/com/fasterxml/jackson/core/jackson-annotations/2.9.10/jackson-annotations-2.9.10-javadoc.jar","isSystem":false,"isOwn":false,"isTest":false,"isJavaContent":false},{"kind":"binary","path":"C:\\Users\\ASUS\\.m2\\repository\\io\\springfox\\springfox-spi\\2.9.2\\springfox-spi-2.9.2.jar","sourceContainerUrl":"file:/C:/Users/ASUS/.m2/repository/io/springfox/springfox-spi/2.9.2/springfox-spi-2.9.2-sources.jar","javadocContainerUrl":"file:/C:/Users/ASUS/.m2/repository/io/springfox/springfox-spi/2.9.2/springfox-spi-2.9.2-javadoc.jar","isSystem":false,"isOwn":false,"isTest":false,"isJavaContent":false},{"kind":"binary","path":"C:\\Users\\ASUS\\.m2\\repository\\io\\springfox\\springfox-core\\2.9.2\\springfox-core-2.9.2.jar","sourceContainerUrl":"file:/C:/Users/ASUS/.m2/repository/io/springfox/springfox-core/2.9.2/springfox-core-2.9.2-sources.jar","javadocContainerUrl":"file:/C:/Users/ASUS/.m2/repository/io/springfox/springfox-core/2.9.2/springfox-core-2.9.2-javadoc.jar","isSystem":false,"isOwn":false,"isTest":false,"isJavaContent":false},{"kind":"binary","path":"C:\\Users\\ASUS\\.m2\\repository\\io\\springfox\\springfox-schema\\2.9.2\\springfox-schema-2.9.2.jar","sourceContainerUrl":"file:/C:/Users/ASUS/.m2/repository/io/springfox/springfox-schema/2.9.2/springfox-schema-2.9.2-sources.jar","javadocContainerUrl":"file:/C:/Users/ASUS/.m2/repository/io/springfox/springfox-schema/2.9.2/springfox-schema-2.9.2-javadoc.jar","isSystem":false,"isOwn":false,"isTest":false,"isJavaContent":false},{"kind":"binary","path":"C:\\Users\\ASUS\\.m2\\repository\\io\\springfox\\springfox-swagger-common\\2.9.2\\springfox-swagger-common-2.9.2.jar","sourceContainerUrl":"file:/C:/Users/ASUS/.m2/repository/io/springfox/springfox-swagger-common/2.9.2/springfox-swagger-common-2.9.2-sources.jar","javadocContainerUrl":"file:/C:/Users/ASUS/.m2/repository/io/springfox/springfox-swagger-common/2.9.2/springfox-swagger-common-2.9.2-javadoc.jar","isSystem":false,"isOwn":false,"isTest":false,"isJavaContent":false},{"kind":"binary","path":"C:\\Users\\ASUS\\.m2\\repository\\io\\springfox\\springfox-spring-web\\2.9.2\\springfox-spring-web-2.9.2.jar","sourceContainerUrl":"file:/C:/Users/ASUS/.m2/repository/io/springfox/springfox-spring-web/2.9.2/springfox-spring-web-2.9.2-sources.jar","javadocContainerUrl":"file:/C:/Users/ASUS/.m2/repository/io/springfox/springfox-spring-web/2.9.2/springfox-spring-web-2.9.2-javadoc.jar","isSystem":false,"isOwn":false,"isTest":false,"isJavaContent":false},{"kind":"binary","path":"C:\\Users\\ASUS\\.m2\\repository\\com\\google\\guava\\guava\\20.0\\guava-20.0.jar","sourceContainerUrl":"file:/C:/Users/ASUS/.m2/repository/com/google/guava/guava/20.0/guava-20.0-sources.jar","javadocContainerUrl":"file:/C:/Users/ASUS/.m2/repository/com/google/guava/guava/20.0/guava-20.0-javadoc.jar","isSystem":false,"isOwn":false,"isTest":false,"isJavaContent":false},{"kind":"binary","path":"C:\\Users\\ASUS\\.m2\\repository\\com\\fasterxml\\classmate\\1.4.0\\classmate-1.4.0.jar","sourceContainerUrl":"file:/C:/Users/ASUS/.m2/repository/com/fasterxml/classmate/1.4.0/classmate-1.4.0-sources.jar","javadocContainerUrl":"file:/C:/Users/ASUS/.m2/repository/com/fasterxml/classmate/1.4.0/classmate-1.4.0-javadoc.jar","isSystem":false,"isOwn":false,"isTest":false,"isJavaContent":false},{"kind":"binary","path":"C:\\Users\\ASUS\\.m2\\repository\\org\\slf4j\\slf4j-api\\1.7.30\\slf4j-api-1.7.30.jar","sourceContainerUrl":"file:/C:/Users/ASUS/.m2/repository/org/slf4j/slf4j-api/1.7.30/slf4j-api-1.7.30-sources.jar","javadocContainerUrl":"file:/C:/Users/ASUS/.m2/repository/org/slf4j/slf4j-api/1.7.30/slf4j-api-1.7.30-javadoc.jar","isSystem":false,"isOwn":false,"isTest":false,"isJavaContent":false},{"kind":"binary","path":"C:\\Users\\ASUS\\.m2\\repository\\org\\springframework\\plugin\\spring-plugin-core\\1.2.0.RELEASE\\spring-plugin-core-1.2.0.RELEASE.jar","sourceContainerUrl":"file:/C:/Users/ASUS/.m2/repository/org/springframework/plugin/spring-plugin-core/1.2.0.RELEASE/spring-plugin-core-1.2.0.RELEASE-sources.jar","javadocContainerUrl":"file:/C:/Users/ASUS/.m2/repository/org/springframework/plugin/spring-plugin-core/1.2.0.RELEASE/spring-plugin-core-1.2.0.RELEASE-javadoc.jar","isSystem":false,"isOwn":false,"isTest":false,"isJavaContent":false},{"kind":"binary","path":"C:\\Users\\ASUS\\.m2\\repository\\org\\springframework\\plugin\\spring-plugin-metadata\\1.2.0.RELEASE\\spring-plugin-metadata-1.2.0.RELEASE.jar","sourceContainerUrl":"file:/C:/Users/ASUS/.m2/repository/org/springframework/plugin/spring-plugin-metadata/1.2.0.RELEASE/spring-plugin-metadata-1.2.0.RELEASE-sources.jar","javadocContainerUrl":"file:/C:/Users/ASUS/.m2/repository/org/springframework/plugin/spring-plugin-metadata/1.2.0.RELEASE/spring-plugin-metadata-1.2.0.RELEASE-javadoc.jar","isSystem":false,"isOwn":false,"isTest":false,"isJavaContent":false},{"kind":"binary","path":"C:\\Users\\ASUS\\.m2\\repository\\org\\mapstruct\\mapstruct\\1.2.0.Final\\mapstruct-1.2.0.Final.jar","sourceContainerUrl":"file:/C:/Users/ASUS/.m2/repository/org/mapstruct/mapstruct/1.2.0.Final/mapstruct-1.2.0.Final-sources.jar","javadocContainerUrl":"file:/C:/Users/ASUS/.m2/repository/org/mapstruct/mapstruct/1.2.0.Final/mapstruct-1.2.0.Final-javadoc.jar","isSystem":false,"isOwn":false,"isTest":false,"isJavaContent":false},{"kind":"binary","path":"C:\\Users\\ASUS\\.m2\\repository\\io\\springfox\\springfox-swagger-ui\\2.9.2\\springfox-swagger-ui-2.9.2.jar","sourceContainerUrl":"file:/C:/Users/ASUS/.m2/repository/io/springfox/springfox-swagger-ui/2.9.2/springfox-swagger-ui-2.9.2-sources.jar","javadocContainerUrl":"file:/C:/Users/ASUS/.m2/repository/io/springfox/springfox-swagger-ui/2.9.2/springfox-swagger-ui-2.9.2-javadoc.jar","isSystem":false,"isOwn":false,"isTest":false,"isJavaContent":false},{"kind":"binary","path":"C:\\Users\\ASUS\\.m2\\repository\\org\\mybatis\\spring\\boot\\mybatis-spring-boot-starter\\1.3.2\\mybatis-spring-boot-starter-1.3.2.jar","sourceContainerUrl":"file:/C:/Users/ASUS/.m2/repository/org/mybatis/spring/boot/mybatis-spring-boot-starter/1.3.2/mybatis-spring-boot-starter-1.3.2-sources.jar","isSystem":false,"isOwn":false,"isTest":false,"isJavaContent":false},{"kind":"binary","path":"C:\\Users\\ASUS\\.m2\\repository\\org\\springframework\\boot\\spring-boot-starter-jdbc\\2.1.13.RELEASE\\spring-boot-starter-jdbc-2.1.13.RELEASE.jar","sourceContainerUrl":"file:/C:/Users/ASUS/.m2/repository/org/springframework/boot/spring-boot-starter-jdbc/2.1.13.RELEASE/spring-boot-starter-jdbc-2.1.13.RELEASE-sources.jar","isSystem":false,"isOwn":false,"isTest":false,"isJavaContent":false},{"kind":"binary","path":"C:\\Users\\ASUS\\.m2\\repository\\com\\zaxxer\\HikariCP\\3.2.0\\HikariCP-3.2.0.jar","sourceContainerUrl":"file:/C:/Users/ASUS/.m2/repository/com/zaxxer/HikariCP/3.2.0/HikariCP-3.2.0-sources.jar","javadocContainerUrl":"file:/C:/Users/ASUS/.m2/repository/com/zaxxer/HikariCP/3.2.0/HikariCP-3.2.0-javadoc.jar","isSystem":false,"isOwn":false,"isTest":false,"isJavaContent":false},{"kind":"binary","path":"C:\\Users\\ASUS\\.m2\\repository\\org\\springframework\\spring-jdbc\\5.1.14.RELEASE\\spring-jdbc-5.1.14.RELEASE.jar","sourceContainerUrl":"file:/C:/Users/ASUS/.m2/repository/org/springframework/spring-jdbc/5.1.14.RELEASE/spring-jdbc-5.1.14.RELEASE-sources.jar","javadocContainerUrl":"file:/C:/Users/ASUS/.m2/repository/org/springframework/spring-jdbc/5.1.14.RELEASE/spring-jdbc-5.1.14.RELEASE-javadoc.jar","isSystem":false,"isOwn":false,"isTest":false,"isJavaContent":false},{"kind":"binary","path":"C:\\Users\\ASUS\\.m2\\repository\\org\\springframework\\spring-tx\\5.1.14.RELEASE\\spring-tx-5.1.14.RELEASE.jar","sourceContainerUrl":"file:/C:/Users/ASUS/.m2/repository/org/springframework/spring-tx/5.1.14.RELEASE/spring-tx-5.1.14.RELEASE-sources.jar","javadocContainerUrl":"file:/C:/Users/ASUS/.m2/repository/org/springframework/spring-tx/5.1.14.RELEASE/spring-tx-5.1.14.RELEASE-javadoc.jar","isSystem":false,"isOwn":false,"isTest":false,"isJavaContent":false},{"kind":"binary","path":"C:\\Users\\ASUS\\.m2\\repository\\org\\mybatis\\spring\\boot\\mybatis-spring-boot-autoconfigure\\1.3.2\\mybatis-spring-boot-autoconfigure-1.3.2.jar","sourceContainerUrl":"file:/C:/Users/ASUS/.m2/repository/org/mybatis/spring/boot/mybatis-spring-boot-autoconfigure/1.3.2/mybatis-spring-boot-autoconfigure-1.3.2-sources.jar","javadocContainerUrl":"file:/C:/Users/ASUS/.m2/repository/org/mybatis/spring/boot/mybatis-spring-boot-autoconfigure/1.3.2/mybatis-spring-boot-autoconfigure-1.3.2-javadoc.jar","isSystem":false,"isOwn":false,"isTest":false,"isJavaContent":false},{"kind":"binary","path":"C:\\Users\\ASUS\\.m2\\repository\\org\\mybatis\\mybatis\\3.4.6\\mybatis-3.4.6.jar","sourceContainerUrl":"file:/C:/Users/ASUS/.m2/repository/org/mybatis/mybatis/3.4.6/mybatis-3.4.6-sources.jar","javadocContainerUrl":"file:/C:/Users/ASUS/.m2/repository/org/mybatis/mybatis/3.4.6/mybatis-3.4.6-javadoc.jar","isSystem":false,"isOwn":false,"isTest":false,"isJavaContent":false},{"kind":"binary","path":"C:\\Users\\ASUS\\.m2\\repository\\org\\mybatis\\mybatis-spring\\1.3.2\\mybatis-spring-1.3.2.jar","sourceContainerUrl":"file:/C:/Users/ASUS/.m2/repository/org/mybatis/mybatis-spring/1.3.2/mybatis-spring-1.3.2-sources.jar","javadocContainerUrl":"file:/C:/Users/ASUS/.m2/repository/org/mybatis/mybatis-spring/1.3.2/mybatis-spring-1.3.2-javadoc.jar","isSystem":false,"isOwn":false,"isTest":false,"isJavaContent":false},{"kind":"binary","path":"C:\\Users\\ASUS\\.m2\\repository\\mysql\\mysql-connector-java\\8.0.19\\mysql-connector-java-8.0.19.jar","sourceContainerUrl":"file:/C:/Users/ASUS/.m2/repository/mysql/mysql-connector-java/8.0.19/mysql-connector-java-8.0.19-sources.jar","isSystem":false,"isOwn":false,"isTest":false,"isJavaContent":false},{"kind":"binary","path":"C:\\Users\\ASUS\\.m2\\repository\\com\\alibaba\\druid-spring-boot-starter\\1.1.10\\druid-spring-boot-starter-1.1.10.jar","sourceContainerUrl":"file:/C:/Users/ASUS/.m2/repository/com/alibaba/druid-spring-boot-starter/1.1.10/druid-spring-boot-starter-1.1.10-sources.jar","javadocContainerUrl":"file:/C:/Users/ASUS/.m2/repository/com/alibaba/druid-spring-boot-starter/1.1.10/druid-spring-boot-starter-1.1.10-javadoc.jar","isSystem":false,"isOwn":false,"isTest":false,"isJavaContent":false},{"kind":"binary","path":"C:\\Users\\ASUS\\.m2\\repository\\com\\alibaba\\druid\\1.1.10\\druid-1.1.10.jar","sourceContainerUrl":"file:/C:/Users/ASUS/.m2/repository/com/alibaba/druid/1.1.10/druid-1.1.10-sources.jar","javadocContainerUrl":"file:/C:/Users/ASUS/.m2/repository/com/alibaba/druid/1.1.10/druid-1.1.10-javadoc.jar","isSystem":false,"isOwn":false,"isTest":false,"isJavaContent":false},{"kind":"binary","path":"C:\\Users\\ASUS\\.m2\\repository\\org\\springframework\\boot\\spring-boot-autoconfigure\\2.1.13.RELEASE\\spring-boot-autoconfigure-2.1.13.RELEASE.jar","sourceContainerUrl":"file:/C:/Users/ASUS/.m2/repository/org/springframework/boot/spring-boot-autoconfigure/2.1.13.RELEASE/spring-boot-autoconfigure-2.1.13.RELEASE-sources.jar","javadocContainerUrl":"file:/C:/Users/ASUS/.m2/repository/org/springframework/boot/spring-boot-autoconfigure/2.1.13.RELEASE/spring-boot-autoconfigure-2.1.13.RELEASE-javadoc.jar","isSystem":false,"isOwn":false,"isTest":false,"isJavaContent":false},{"kind":"binary","path":"C:\\Users\\ASUS\\.m2\\repository\\log4j\\log4j\\1.2.17\\log4j-1.2.17.jar","sourceContainerUrl":"file:/C:/Users/ASUS/.m2/repository/log4j/log4j/1.2.17/log4j-1.2.17-sources.jar","javadocContainerUrl":"file:/C:/Users/ASUS/.m2/repository/log4j/log4j/1.2.17/log4j-1.2.17-javadoc.jar","isSystem":false,"isOwn":false,"isTest":false,"isJavaContent":false},{"kind":"source","path":"D:\\workspace202001\\demo-admin\\src\\main\\java","outputFolder":"D:\\workspace202001\\demo-admin\\target\\classes","javadocContainerUrl":"file:/D:/workspace202001/demo-admin/target/site/apidocs","isSystem":false,"isOwn":true,"isTest":false,"isJavaContent":true},{"kind":"source","path":"D:\\workspace202001\\demo-admin\\src\\test\\java","outputFolder":"D:\\workspace202001\\demo-admin\\target\\test-classes","javadocContainerUrl":"file:/D:/workspace202001/demo-admin/target/site/apidocs","isSystem":false,"isOwn":true,"isTest":true,"isJavaContent":true},{"kind":"source","path":"D:\\workspace202001\\demo-admin\\src\\main\\java","outputFolder":"D:\\workspace202001\\demo-admin\\target\\classes","isSystem":false,"isOwn":true,"isTest":false,"isJavaContent":false},{"kind":"source","path":"D:\\workspace202001\\demo-admin\\src\\main\\resources","outputFolder":"D:\\workspace202001\\demo-admin\\target\\classes","isSystem":false,"isOwn":true,"isTest":false,"isJavaContent":false},{"kind":"source","path":"D:\\workspace202001\\demo-admin\\src\\test\\resources","outputFolder":"D:\\workspace202001\\demo-admin\\target\\test-classes","isSystem":false,"isOwn":true,"isTest":true,"isJavaContent":false},{"kind":"source","path":"D:\\workspace202001\\demo-admin\\src\\test\\java","outputFolder":"D:\\workspace202001\\demo-admin\\target\\test-classes","javadocContainerUrl":"file:/D:/workspace202001/demo-admin/target/site/apidocs","isSystem":false,"isOwn":true,"isTest":false,"isJavaContent":false}]}