<?xml version="1.0" encoding="UTF-8"?>
<!DOCTYPE mapper PUBLIC "-//mybatis.org//DTD Mapper 3.0//EN" "http://mybatis.org/dtd/mybatis-3-mapper.dtd">
<mapper namespace="com.ishang.demo.admin.dao.SysMenuMapper">
  <resultMap id="BaseResultMap" type="com.ishang.demo.admin.model.SysMenu">
    <id column="id" jdbcType="BIGINT" property="id" />
    <result column="name" jdbcType="VARCHAR" property="name" />
    <result column="parent_id" jdbcType="BIGINT" property="parentId" />
    <result column="url" jdbcType="VARCHAR" property="url" />
    <result column="perms" jdbcType="VARCHAR" property="perms" />
    <result column="type" jdbcType="INTEGER" property="type" />
    <result column="icon" jdbcType="VARCHAR" property="icon" />
    <result column="order_num" jdbcType="INTEGER" property="orderNum" />
    <result column="create_by" jdbcType="VARCHAR" property="createBy" />
    <result column="create_time" jdbcType="TIMESTAMP" property="createTime" />
    <result column="last_update_by" jdbcType="VARCHAR" property="lastUpdateBy" />
    <result column="last_update_time" jdbcType="TIMESTAMP" property="lastUpdateTime" />
    <result column="del_flag" jdbcType="TINYINT" property="delFlag" />
  </resultMap>
  <sql id="Base_Column_List">
    id, name, parent_id, url, perms, type, icon, order_num, create_by, create_time, last_update_by, 
    last_update_time, del_flag
  </sql>
  <select id="selectByPrimaryKey" parameterType="java.lang.Long" resultMap="BaseResultMap">
    select 
    <include refid="Base_Column_List" />
    from sys_menu
    where id = #{id,jdbcType=BIGINT}
  </select>
  <delete id="deleteByPrimaryKey" parameterType="java.lang.Long">
    delete from sys_menu
    where id = #{id,jdbcType=BIGINT}
  </delete>
  <insert id="insert" parameterType="com.ishang.demo.admin.model.SysMenu">
    insert into sys_menu (id, name, parent_id, 
      url, perms, type, icon, 
      order_num, create_by, create_time, 
      last_update_by, last_update_time, del_flag
      )
    values (#{id,jdbcType=BIGINT}, #{name,jdbcType=VARCHAR}, #{parentId,jdbcType=BIGINT}, 
      #{url,jdbcType=VARCHAR}, #{perms,jdbcType=VARCHAR}, #{type,jdbcType=INTEGER}, #{icon,jdbcType=VARCHAR}, 
      #{orderNum,jdbcType=INTEGER}, #{createBy,jdbcType=VARCHAR}, #{createTime,jdbcType=TIMESTAMP}, 
      #{lastUpdateBy,jdbcType=VARCHAR}, #{lastUpdateTime,jdbcType=TIMESTAMP}, #{delFlag,jdbcType=TINYINT}
      )
  </insert>
  <insert id="insertSelective" parameterType="com.ishang.demo.admin.model.SysMenu">
    insert into sys_menu
    <trim prefix="(" suffix=")" suffixOverrides=",">
      <if test="id != null">
        id,
      </if>
      <if test="name != null">
        name,
      </if>
      <if test="parentId != null">
        parent_id,
      </if>
      <if test="url != null">
        url,
      </if>
      <if test="perms != null">
        perms,
      </if>
      <if test="type != null">
        type,
      </if>
      <if test="icon != null">
        icon,
      </if>
      <if test="orderNum != null">
        order_num,
      </if>
      <if test="createBy != null">
        create_by,
      </if>
      <if test="createTime != null">
        create_time,
      </if>
      <if test="lastUpdateBy != null">
        last_update_by,
      </if>
      <if test="lastUpdateTime != null">
        last_update_time,
      </if>
      <if test="delFlag != null">
        del_flag,
      </if>
    </trim>
    <trim prefix="values (" suffix=")" suffixOverrides=",">
      <if test="id != null">
        #{id,jdbcType=BIGINT},
      </if>
      <if test="name != null">
        #{name,jdbcType=VARCHAR},
      </if>
      <if test="parentId != null">
        #{parentId,jdbcType=BIGINT},
      </if>
      <if test="url != null">
        #{url,jdbcType=VARCHAR},
      </if>
      <if test="perms != null">
        #{perms,jdbcType=VARCHAR},
      </if>
      <if test="type != null">
        #{type,jdbcType=INTEGER},
      </if>
      <if test="icon != null">
        #{icon,jdbcType=VARCHAR},
      </if>
      <if test="orderNum != null">
        #{orderNum,jdbcType=INTEGER},
      </if>
      <if test="createBy != null">
        #{createBy,jdbcType=VARCHAR},
      </if>
      <if test="createTime != null">
        #{createTime,jdbcType=TIMESTAMP},
      </if>
      <if test="lastUpdateBy != null">
        #{lastUpdateBy,jdbcType=VARCHAR},
      </if>
      <if test="lastUpdateTime != null">
        #{lastUpdateTime,jdbcType=TIMESTAMP},
      </if>
      <if test="delFlag != null">
        #{delFlag,jdbcType=TINYINT},
      </if>
    </trim>
  </insert>
  <update id="updateByPrimaryKeySelective" parameterType="com.ishang.demo.admin.model.SysMenu">
    update sys_menu
    <set>
      <if test="name != null">
        name = #{name,jdbcType=VARCHAR},
      </if>
      <if test="parentId != null">
        parent_id = #{parentId,jdbcType=BIGINT},
      </if>
      <if test="url != null">
        url = #{url,jdbcType=VARCHAR},
      </if>
      <if test="perms != null">
        perms = #{perms,jdbcType=VARCHAR},
      </if>
      <if test="type != null">
        type = #{type,jdbcType=INTEGER},
      </if>
      <if test="icon != null">
        icon = #{icon,jdbcType=VARCHAR},
      </if>
      <if test="orderNum != null">
        order_num = #{orderNum,jdbcType=INTEGER},
      </if>
      <if test="createBy != null">
        create_by = #{createBy,jdbcType=VARCHAR},
      </if>
      <if test="createTime != null">
        create_time = #{createTime,jdbcType=TIMESTAMP},
      </if>
      <if test="lastUpdateBy != null">
        last_update_by = #{lastUpdateBy,jdbcType=VARCHAR},
      </if>
      <if test="lastUpdateTime != null">
        last_update_time = #{lastUpdateTime,jdbcType=TIMESTAMP},
      </if>
      <if test="delFlag != null">
        del_flag = #{delFlag,jdbcType=TINYINT},
      </if>
    </set>
    where id = #{id,jdbcType=BIGINT}
  </update>
  <update id="updateByPrimaryKey" parameterType="com.ishang.demo.admin.model.SysMenu">
    update sys_menu
    set name = #{name,jdbcType=VARCHAR},
      parent_id = #{parentId,jdbcType=BIGINT},
      url = #{url,jdbcType=VARCHAR},
      perms = #{perms,jdbcType=VARCHAR},
      type = #{type,jdbcType=INTEGER},
      icon = #{icon,jdbcType=VARCHAR},
      order_num = #{orderNum,jdbcType=INTEGER},
      create_by = #{createBy,jdbcType=VARCHAR},
      create_time = #{createTime,jdbcType=TIMESTAMP},
      last_update_by = #{lastUpdateBy,jdbcType=VARCHAR},
      last_update_time = #{lastUpdateTime,jdbcType=TIMESTAMP},
      del_flag = #{delFlag,jdbcType=TINYINT}
    where id = #{id,jdbcType=BIGINT}
  </update>
  <select id="findAll"  resultMap="BaseResultMap">
    select 
    <include refid="Base_Column_List" />
    from sys_menu
  </select>
  <select id="findPage"  resultMap="BaseResultMap">
    select 
    <include refid="Base_Column_List" />
    from sys_menu
  </select>
  <select id="findPageByName" parameterType="java.lang.String" resultMap="BaseResultMap">
  	<bind name="pattern" value="'%' + _parameter.name + '%'" />
    select 
    <include refid="Base_Column_List" />
    from sys_menu
    where name like #{pattern}
  </select>
  <select id="findByUserName" parameterType="java.lang.String" resultMap="BaseResultMap">
  	select m.* from sys_menu m, sys_user u, sys_user_role ur, sys_role_menu rm
  	where u.name = #{userName,jdbcType=BIGINT} and u.id = ur.user_id 
  	and ur.role_id = rm.role_id and rm.menu_id = m.id
  </select>
  <select id="findRoleMenus" parameterType="java.lang.Long" resultMap="BaseResultMap">
    select m.* from sys_menu m, sys_role_menu rm
    where rm.role_id = #{roleId,jdbcType=BIGINT}
    and m.id = rm.menu_id
  </select>
</mapper>