<?xml version="1.0" encoding="UTF-8"?>
<!DOCTYPE mapper PUBLIC "-//mybatis.org//DTD Mapper 3.0//EN" "http://mybatis.org/dtd/mybatis-3-mapper.dtd">
<mapper namespace="com.louis.mango.admin.dao.SysDictMapper">
  <resultMap id="BaseResultMap" type="com.louis.mango.admin.model.SysDict">
    <id column="id" jdbcType="BIGINT" property="id" />
    <result column="value" jdbcType="VARCHAR" property="value" />
    <result column="label" jdbcType="VARCHAR" property="label" />
    <result column="type" jdbcType="VARCHAR" property="type" />
    <result column="description" jdbcType="VARCHAR" property="description" />
    <result column="sort" jdbcType="DECIMAL" property="sort" />
    <result column="create_by" jdbcType="VARCHAR" property="createBy" />
    <result column="create_time" jdbcType="TIMESTAMP" property="createTime" />
    <result column="last_update_by" jdbcType="VARCHAR" property="lastUpdateBy" />
    <result column="last_update_time" jdbcType="TIMESTAMP" property="lastUpdateTime" />
    <result column="remarks" jdbcType="VARCHAR" property="remarks" />
    <result column="del_flag" jdbcType="TINYINT" property="delFlag" />
  </resultMap>
  <sql id="Base_Column_List">
    id, value, label, type, description, sort, create_by, create_time, last_update_by, 
    last_update_time, remarks, del_flag
  </sql>
  <select id="selectByPrimaryKey" parameterType="java.lang.Long" resultMap="BaseResultMap">
    select 
    <include refid="Base_Column_List" />
    from sys_dict
    where id = #{id,jdbcType=BIGINT}
  </select>
  <delete id="deleteByPrimaryKey" parameterType="java.lang.Long">
    delete from sys_dict
    where id = #{id,jdbcType=BIGINT}
  </delete>
  <insert id="insert" parameterType="com.louis.mango.admin.model.SysDict">
    insert into sys_dict (id, value, label, 
      type, description, sort, 
      create_by, create_time, last_update_by, 
      last_update_time, remarks, del_flag
      )
    values (#{id,jdbcType=BIGINT}, #{value,jdbcType=VARCHAR}, #{label,jdbcType=VARCHAR}, 
      #{type,jdbcType=VARCHAR}, #{description,jdbcType=VARCHAR}, #{sort,jdbcType=DECIMAL}, 
      #{createBy,jdbcType=VARCHAR}, #{createTime,jdbcType=TIMESTAMP}, #{lastUpdateBy,jdbcType=VARCHAR}, 
      #{lastUpdateTime,jdbcType=TIMESTAMP}, #{remarks,jdbcType=VARCHAR}, #{delFlag,jdbcType=TINYINT}
      )
  </insert>
  <insert id="insertSelective" parameterType="com.louis.mango.admin.model.SysDict">
    insert into sys_dict
    <trim prefix="(" suffix=")" suffixOverrides=",">
      <if test="id != null">
        id,
      </if>
      <if test="value != null">
        value,
      </if>
      <if test="label != null">
        label,
      </if>
      <if test="type != null">
        type,
      </if>
      <if test="description != null">
        description,
      </if>
      <if test="sort != null">
        sort,
      </if>
      <if test="createBy != null">
        create_by,
      </if>
      <if test="createTime != null">
        create_time,
      </if>
      <if test="lastUpdateBy != null">
        last_update_by,
      </if>
      <if test="lastUpdateTime != null">
        last_update_time,
      </if>
      <if test="remarks != null">
        remarks,
      </if>
      <if test="delFlag != null">
        del_flag,
      </if>
    </trim>
    <trim prefix="values (" suffix=")" suffixOverrides=",">
      <if test="id != null">
        #{id,jdbcType=BIGINT},
      </if>
      <if test="value != null">
        #{value,jdbcType=VARCHAR},
      </if>
      <if test="label != null">
        #{label,jdbcType=VARCHAR},
      </if>
      <if test="type != null">
        #{type,jdbcType=VARCHAR},
      </if>
      <if test="description != null">
        #{description,jdbcType=VARCHAR},
      </if>
      <if test="sort != null">
        #{sort,jdbcType=DECIMAL},
      </if>
      <if test="createBy != null">
        #{createBy,jdbcType=VARCHAR},
      </if>
      <if test="createTime != null">
        #{createTime,jdbcType=TIMESTAMP},
      </if>
      <if test="lastUpdateBy != null">
        #{lastUpdateBy,jdbcType=VARCHAR},
      </if>
      <if test="lastUpdateTime != null">
        #{lastUpdateTime,jdbcType=TIMESTAMP},
      </if>
      <if test="remarks != null">
        #{remarks,jdbcType=VARCHAR},
      </if>
      <if test="delFlag != null">
        #{delFlag,jdbcType=TINYINT},
      </if>
    </trim>
  </insert>
  <update id="updateByPrimaryKeySelective" parameterType="com.louis.mango.admin.model.SysDict">
    update sys_dict
    <set>
      <if test="value != null">
        value = #{value,jdbcType=VARCHAR},
      </if>
      <if test="label != null">
        label = #{label,jdbcType=VARCHAR},
      </if>
      <if test="type != null">
        type = #{type,jdbcType=VARCHAR},
      </if>
      <if test="description != null">
        description = #{description,jdbcType=VARCHAR},
      </if>
      <if test="sort != null">
        sort = #{sort,jdbcType=DECIMAL},
      </if>
      <if test="createBy != null">
        create_by = #{createBy,jdbcType=VARCHAR},
      </if>
      <if test="createTime != null">
        create_time = #{createTime,jdbcType=TIMESTAMP},
      </if>
      <if test="lastUpdateBy != null">
        last_update_by = #{lastUpdateBy,jdbcType=VARCHAR},
      </if>
      <if test="lastUpdateTime != null">
        last_update_time = #{lastUpdateTime,jdbcType=TIMESTAMP},
      </if>
      <if test="remarks != null">
        remarks = #{remarks,jdbcType=VARCHAR},
      </if>
      <if test="delFlag != null">
        del_flag = #{delFlag,jdbcType=TINYINT},
      </if>
    </set>
    where id = #{id,jdbcType=BIGINT}
  </update>
  <update id="updateByPrimaryKey" parameterType="com.louis.mango.admin.model.SysDict">
    update sys_dict
    set value = #{value,jdbcType=VARCHAR},
      label = #{label,jdbcType=VARCHAR},
      type = #{type,jdbcType=VARCHAR},
      description = #{description,jdbcType=VARCHAR},
      sort = #{sort,jdbcType=DECIMAL},
      create_by = #{createBy,jdbcType=VARCHAR},
      create_time = #{createTime,jdbcType=TIMESTAMP},
      last_update_by = #{lastUpdateBy,jdbcType=VARCHAR},
      last_update_time = #{lastUpdateTime,jdbcType=TIMESTAMP},
      remarks = #{remarks,jdbcType=VARCHAR},
      del_flag = #{delFlag,jdbcType=TINYINT}
    where id = #{id,jdbcType=BIGINT}
  </update>
  <select id="findPage" resultMap="BaseResultMap">
    select 
    <include refid="Base_Column_List" />
    from sys_dict
  </select>
  <select id="findPageByLabel" parameterType="java.lang.String" resultMap="BaseResultMap">
  	<bind name="pattern" value="'%' + _parameter.label + '%'" />
  	select 
    <include refid="Base_Column_List" />
    from sys_dict
    where label like #{pattern}
  </select>
  <select id="findByLable" parameterType="java.lang.String" resultMap="BaseResultMap">
    select 
    <include refid="Base_Column_List" />
    from sys_dict
    where label = #{label,jdbcType=VARCHAR}
  </select>
</mapper>