<?xml version="1.0" encoding="UTF-8"?>
<!DOCTYPE mapper PUBLIC "-//mybatis.org//DTD Mapper 3.0//EN" "http://mybatis.org/dtd/mybatis-3-mapper.dtd">
<mapper namespace="com.louis.mango.admin.dao.SysLogMapper">
  <resultMap id="BaseResultMap" type="com.louis.mango.admin.model.SysLog">
    <id column="id" jdbcType="BIGINT" property="id" />
    <result column="user_name" jdbcType="VARCHAR" property="userName" />
    <result column="operation" jdbcType="VARCHAR" property="operation" />
    <result column="method" jdbcType="VARCHAR" property="method" />
    <result column="params" jdbcType="VARCHAR" property="params" />
    <result column="time" jdbcType="BIGINT" property="time" />
    <result column="ip" jdbcType="VARCHAR" property="ip" />
    <result column="create_by" jdbcType="VARCHAR" property="createBy" />
    <result column="create_time" jdbcType="TIMESTAMP" property="createTime" />
    <result column="last_update_by" jdbcType="VARCHAR" property="lastUpdateBy" />
    <result column="last_update_time" jdbcType="TIMESTAMP" property="lastUpdateTime" />
  </resultMap>
  <sql id="Base_Column_List">
    id, user_name, operation, method, params, time, ip, create_by, create_time, last_update_by, 
    last_update_time
  </sql>
  <select id="selectByPrimaryKey" parameterType="java.lang.Long" resultMap="BaseResultMap">
    select 
    <include refid="Base_Column_List" />
    from sys_log
    where id = #{id,jdbcType=BIGINT}
  </select>
  <delete id="deleteByPrimaryKey" parameterType="java.lang.Long">
    delete from sys_log
    where id = #{id,jdbcType=BIGINT}
  </delete>
  <insert id="insert" parameterType="com.louis.mango.admin.model.SysLog">
    insert into sys_log (id, user_name, operation, 
      method, params, time, 
      ip, create_by, create_time, 
      last_update_by, last_update_time)
    values (#{id,jdbcType=BIGINT}, #{userName,jdbcType=VARCHAR}, #{operation,jdbcType=VARCHAR}, 
      #{method,jdbcType=VARCHAR}, #{params,jdbcType=VARCHAR}, #{time,jdbcType=BIGINT}, 
      #{ip,jdbcType=VARCHAR}, #{createBy,jdbcType=VARCHAR}, #{createTime,jdbcType=TIMESTAMP}, 
      #{lastUpdateBy,jdbcType=VARCHAR}, #{lastUpdateTime,jdbcType=TIMESTAMP})
  </insert>
  <insert id="insertSelective" parameterType="com.louis.mango.admin.model.SysLog">
    insert into sys_log
    <trim prefix="(" suffix=")" suffixOverrides=",">
      <if test="id != null">
        id,
      </if>
      <if test="userName != null">
        user_name,
      </if>
      <if test="operation != null">
        operation,
      </if>
      <if test="method != null">
        method,
      </if>
      <if test="params != null">
        params,
      </if>
      <if test="time != null">
        time,
      </if>
      <if test="ip != null">
        ip,
      </if>
      <if test="createBy != null">
        create_by,
      </if>
      <if test="createTime != null">
        create_time,
      </if>
      <if test="lastUpdateBy != null">
        last_update_by,
      </if>
      <if test="lastUpdateTime != null">
        last_update_time,
      </if>
    </trim>
    <trim prefix="values (" suffix=")" suffixOverrides=",">
      <if test="id != null">
        #{id,jdbcType=BIGINT},
      </if>
      <if test="userName != null">
        #{userName,jdbcType=VARCHAR},
      </if>
      <if test="operation != null">
        #{operation,jdbcType=VARCHAR},
      </if>
      <if test="method != null">
        #{method,jdbcType=VARCHAR},
      </if>
      <if test="params != null">
        #{params,jdbcType=VARCHAR},
      </if>
      <if test="time != null">
        #{time,jdbcType=BIGINT},
      </if>
      <if test="ip != null">
        #{ip,jdbcType=VARCHAR},
      </if>
      <if test="createBy != null">
        #{createBy,jdbcType=VARCHAR},
      </if>
      <if test="createTime != null">
        #{createTime,jdbcType=TIMESTAMP},
      </if>
      <if test="lastUpdateBy != null">
        #{lastUpdateBy,jdbcType=VARCHAR},
      </if>
      <if test="lastUpdateTime != null">
        #{lastUpdateTime,jdbcType=TIMESTAMP},
      </if>
    </trim>
  </insert>
  <update id="updateByPrimaryKeySelective" parameterType="com.louis.mango.admin.model.SysLog">
    update sys_log
    <set>
      <if test="userName != null">
        user_name = #{userName,jdbcType=VARCHAR},
      </if>
      <if test="operation != null">
        operation = #{operation,jdbcType=VARCHAR},
      </if>
      <if test="method != null">
        method = #{method,jdbcType=VARCHAR},
      </if>
      <if test="params != null">
        params = #{params,jdbcType=VARCHAR},
      </if>
      <if test="time != null">
        time = #{time,jdbcType=BIGINT},
      </if>
      <if test="ip != null">
        ip = #{ip,jdbcType=VARCHAR},
      </if>
      <if test="createBy != null">
        create_by = #{createBy,jdbcType=VARCHAR},
      </if>
      <if test="createTime != null">
        create_time = #{createTime,jdbcType=TIMESTAMP},
      </if>
      <if test="lastUpdateBy != null">
        last_update_by = #{lastUpdateBy,jdbcType=VARCHAR},
      </if>
      <if test="lastUpdateTime != null">
        last_update_time = #{lastUpdateTime,jdbcType=TIMESTAMP},
      </if>
    </set>
    where id = #{id,jdbcType=BIGINT}
  </update>
  <update id="updateByPrimaryKey" parameterType="com.louis.mango.admin.model.SysLog">
    update sys_log
    set user_name = #{userName,jdbcType=VARCHAR},
      operation = #{operation,jdbcType=VARCHAR},
      method = #{method,jdbcType=VARCHAR},
      params = #{params,jdbcType=VARCHAR},
      time = #{time,jdbcType=BIGINT},
      ip = #{ip,jdbcType=VARCHAR},
      create_by = #{createBy,jdbcType=VARCHAR},
      create_time = #{createTime,jdbcType=TIMESTAMP},
      last_update_by = #{lastUpdateBy,jdbcType=VARCHAR},
      last_update_time = #{lastUpdateTime,jdbcType=TIMESTAMP}
    where id = #{id,jdbcType=BIGINT}
  </update>
  <select id="findPage" resultMap="BaseResultMap">
    select 
    <include refid="Base_Column_List" />
    from sys_log
  </select>
  <select id="findPageByUserName" parameterType="java.lang.String" resultMap="BaseResultMap">
  	<bind name="pattern" value="'%' + _parameter.userName + '%'" />
    select 
    <include refid="Base_Column_List" />
    from sys_log
    where user_name like #{pattern}
  </select>
</mapper>