<?xml version="1.0" encoding="UTF-8"?>
<!DOCTYPE mapper PUBLIC "-//mybatis.org//DTD Mapper 3.0//EN" "http://mybatis.org/dtd/mybatis-3-mapper.dtd">
<mapper namespace="com.louis.mango.admin.dao.SysRoleMapper">
  <resultMap id="BaseResultMap" type="com.louis.mango.admin.model.SysRole">
    <id column="id" jdbcType="BIGINT" property="id" />
    <result column="name" jdbcType="VARCHAR" property="name" />
    <result column="remark" jdbcType="VARCHAR" property="remark" />
    <result column="create_by" jdbcType="VARCHAR" property="createBy" />
    <result column="create_time" jdbcType="TIMESTAMP" property="createTime" />
    <result column="last_update_by" jdbcType="VARCHAR" property="lastUpdateBy" />
    <result column="last_update_time" jdbcType="TIMESTAMP" property="lastUpdateTime" />
    <result column="del_flag" jdbcType="TINYINT" property="delFlag" />
  </resultMap>
  <sql id="Base_Column_List">
    id, name, remark, create_by, create_time, last_update_by, last_update_time, del_flag
  </sql>
  <select id="selectByPrimaryKey" parameterType="java.lang.Long" resultMap="BaseResultMap">
    select 
    <include refid="Base_Column_List" />
    from sys_role
    where id = #{id,jdbcType=BIGINT}
  </select>
  <delete id="deleteByPrimaryKey" parameterType="java.lang.Long">
    delete from sys_role
    where id = #{id,jdbcType=BIGINT}
  </delete>
  <insert id="insert" parameterType="com.louis.mango.admin.model.SysRole">
    insert into sys_role (id, name, remark, 
      create_by, create_time, last_update_by, 
      last_update_time, del_flag)
    values (#{id,jdbcType=BIGINT}, #{name,jdbcType=VARCHAR}, #{remark,jdbcType=VARCHAR}, 
      #{createBy,jdbcType=VARCHAR}, #{createTime,jdbcType=TIMESTAMP}, #{lastUpdateBy,jdbcType=VARCHAR}, 
      #{lastUpdateTime,jdbcType=TIMESTAMP}, #{delFlag,jdbcType=TINYINT})
  </insert>
  <insert id="insertSelective" parameterType="com.louis.mango.admin.model.SysRole">
    insert into sys_role
    <trim prefix="(" suffix=")" suffixOverrides=",">
      <if test="id != null">
        id,
      </if>
      <if test="name != null">
        name,
      </if>
      <if test="remark != null">
        remark,
      </if>
      <if test="createBy != null">
        create_by,
      </if>
      <if test="createTime != null">
        create_time,
      </if>
      <if test="lastUpdateBy != null">
        last_update_by,
      </if>
      <if test="lastUpdateTime != null">
        last_update_time,
      </if>
      <if test="delFlag != null">
        del_flag,
      </if>
    </trim>
    <trim prefix="values (" suffix=")" suffixOverrides=",">
      <if test="id != null">
        #{id,jdbcType=BIGINT},
      </if>
      <if test="name != null">
        #{name,jdbcType=VARCHAR},
      </if>
      <if test="remark != null">
        #{remark,jdbcType=VARCHAR},
      </if>
      <if test="createBy != null">
        #{createBy,jdbcType=VARCHAR},
      </if>
      <if test="createTime != null">
        #{createTime,jdbcType=TIMESTAMP},
      </if>
      <if test="lastUpdateBy != null">
        #{lastUpdateBy,jdbcType=VARCHAR},
      </if>
      <if test="lastUpdateTime != null">
        #{lastUpdateTime,jdbcType=TIMESTAMP},
      </if>
      <if test="delFlag != null">
        #{delFlag,jdbcType=TINYINT},
      </if>
    </trim>
  </insert>
  <update id="updateByPrimaryKeySelective" parameterType="com.louis.mango.admin.model.SysRole">
    update sys_role
    <set>
      <if test="name != null">
        name = #{name,jdbcType=VARCHAR},
      </if>
      <if test="remark != null">
        remark = #{remark,jdbcType=VARCHAR},
      </if>
      <if test="createBy != null">
        create_by = #{createBy,jdbcType=VARCHAR},
      </if>
      <if test="createTime != null">
        create_time = #{createTime,jdbcType=TIMESTAMP},
      </if>
      <if test="lastUpdateBy != null">
        last_update_by = #{lastUpdateBy,jdbcType=VARCHAR},
      </if>
      <if test="lastUpdateTime != null">
        last_update_time = #{lastUpdateTime,jdbcType=TIMESTAMP},
      </if>
      <if test="delFlag != null">
        del_flag = #{delFlag,jdbcType=TINYINT},
      </if>
    </set>
    where id = #{id,jdbcType=BIGINT}
  </update>
  <update id="updateByPrimaryKey" parameterType="com.louis.mango.admin.model.SysRole">
    update sys_role
    set name = #{name,jdbcType=VARCHAR},
      remark = #{remark,jdbcType=VARCHAR},
      create_by = #{createBy,jdbcType=VARCHAR},
      create_time = #{createTime,jdbcType=TIMESTAMP},
      last_update_by = #{lastUpdateBy,jdbcType=VARCHAR},
      last_update_time = #{lastUpdateTime,jdbcType=TIMESTAMP},
      del_flag = #{delFlag,jdbcType=TINYINT}
    where id = #{id,jdbcType=BIGINT}
  </update>
  <select id="findPage" resultMap="BaseResultMap">
    select 
    <include refid="Base_Column_List" />
    from sys_role
  </select>
  <select id="findAll" resultMap="BaseResultMap">
    select 
    <include refid="Base_Column_List" />
    from sys_role
  </select>
  <select id="findPageByName" parameterType="java.lang.String" resultMap="BaseResultMap">
  	<bind name="pattern" value="'%' + _parameter.name + '%'" />
  	select 
    <include refid="Base_Column_List" />
    from sys_role
    where name like #{pattern}
  </select>
  <select id="findByName" parameterType="java.lang.String" resultMap="BaseResultMap">
    select 
    <include refid="Base_Column_List" />
    from sys_role
    where name = #{name,jdbcType=VARCHAR}
  </select>
</mapper>