<?xml version="1.0" encoding="UTF-8" ?>  
<!DOCTYPE mapper PUBLIC "-//ibatis.apache.org//DTD Mapper 3.0//EN"      
 "http://ibatis.apache.org/dtd/ibatis-3-mapper.dtd">
 
<mapper namespace="com.huatec.edu.mobileshop.dao.GoodsCatDao">
	<!-- 缓存配置-->
	<cache eviction="LRU" flushInterval="30000" size="512" readOnly="true"/>
	<!-- insert元素,在此元素内写增加的sql语句， parameterType：参数类型-->
	<insert id="save" parameterType="com.huatec.edu.mobileshop.entity.GoodsCat" 
	useGeneratedKeys="true" keyProperty="cat_id" >
		insert into ms_goods_cat
		 (cat_id,name,parent_id,cat_path,goods_count,sort,type_id,list_show,image,creatime,modifytime)
		 values(#{cat_id},#{name},#{parent_id},#{cat_path},#{goods_count},#{sort},
		 #{type_id},#{list_show},#{image},#{creatime},#{modifytime})
	</insert>
	
	<!-- select元素，在此元素内写查询语句 -->
	<select id="findAll" resultType="com.huatec.edu.mobileshop.entity.GoodsCat">
		select * from ms_goods_cat
	</select>
	
	<!-- delete元素，在此元素内写删除语句 -->
	<delete id="deleteById" parameterType="int">
		delete from ms_goods_cat where cat_id=#{cat_id}
	</delete>
	
	<select id="findById" parameterType="int" 
	resultType="com.huatec.edu.mobileshop.entity.GoodsCat">
		select * from ms_goods_cat where cat_id=#{cat_id}
	</select>
	<!-- 动态更新 -->
	<update id="dynamicUpdate" 
	parameterType="com.huatec.edu.mobileshop.entity.GoodsCat">
		update ms_goods_cat
		<set>
			<if test="name!=null">
				name=#{name},
			</if>
			<if test="parent_id!=null">
				parent_id=#{parent_id},
			</if>
			<if test="cat_path!=null">
				cat_path=#{cat_path},
			</if>
			<if test="goods_count!=null">
				goods_count=#{goods_count},
			</if>
			<if test="sort!=null">
				sort=#{sort},
			</if>
			<if test="type_id!=null">
				type_id=#{type_id},
			</if>
			<if test="image!=null">
				image=#{image},
			</if>
			<if test="modifytime!=null">
				modifytime=#{modifytime}
			</if>
		</set>
		where cat_id=#{cat_id}
	</update>
	
</mapper>