<?xml version="1.0" encoding="UTF-8" ?>  
<!DOCTYPE mapper PUBLIC "-//ibatis.apache.org//DTD Mapper 3.0//EN"      
 "http://ibatis.apache.org/dtd/ibatis-3-mapper.dtd">
 
<mapper namespace="com.huatec.edu.mobileshop.dao.TagDao">
	<!-- 缓存配置-->
	<cache eviction="LRU" flushInterval="30000" size="512" readOnly="true"/>
	<!-- insert元素,在此元素内写增加的sql语句， parameterType：参数类型-->
	<!-- sql语句中传入的参数类型用#{XX} -->
	<!-- useGeneratedKeys="true" keyProperty="tag_id"  获取自增的主键并存入tag_id中 -->
	<insert id="save" parameterType="com.huatec.edu.mobileshop.entity.Tag" 
	useGeneratedKeys="true" keyProperty="tag_id" >
		insert into ms_tag
		 (tag_id,name,type,count,sort,team,creatime,modifytime)
		 values(#{tag_id},#{name},#{type},#{count},#{sort},#{team},#{creatime},#{modifytime})
	</insert>
	
	<!-- select元素，在此元素内写查询语句 -->
	<select id="findAll" resultType="com.huatec.edu.mobileshop.entity.Tag">
		select * from ms_tag
	</select>
	
	<!-- delete元素，在此元素内写删除语句 -->
	<delete id="deleteById" parameterType="int">
		delete from ms_tag where tag_id=#{tag_id}
	</delete>
	
	<select id="findById" parameterType="int" 
	resultType="com.huatec.edu.mobileshop.entity.Tag">
		select * from ms_tag where tag_id=#{tag_id}
	</select>
	<!-- 动态更新 -->
	<update id="dynamicUpdate" parameterType="com.huatec.edu.mobileshop.entity.Tag">
		update ms_tag
		<set>
			<if test="name!=null">
				name=#{name},
			</if>
			<if test="type!=null">
				type=#{type},
			</if>
			<if test="count!=null">
				count=#{count},
			</if>
			<if test="sort!=null">
				sort=#{sort},
			</if>
			<if test="team!=null">
				team=#{team},
			</if>
			<if test="modifytime!=null">
				modifytime=#{modifytime}
			</if>
		</set>
		where tag_id=#{tag_id}
	</update>
</mapper>